DROP TABLE IF EXISTS Orders;
DROP TABLE IF EXISTS Customers;
DROP TABLE IF EXISTS Items;
DROP TABLE IF EXISTS Categories;
DROP TABLE IF EXISTS OrderDetails;
CREATE Table Customers (
  CustomerID INT NOT NULL,
  CustomerName VARCHAR(255),
  CustomerLastName VARCHAR(255),
  CustomerBirthdate DATE,
  PRIMARY KEY (CustomerID)
);
CREATE Table Categories (
  CategoryID INT NOT NULL,
  CategoryName VARCHAR(255) NOT NULL,
  PRIMARY KEY (CategoryName)
);
CREATE Table Orders (
  OrderID INT NOT NULL,
  CustomerID INT,
  OrderDate DATE,
  PRIMARY KEY (OrderID),
  FOREIGN KEY (CustomerID) REFERENCES Customers(CustomerID),
);
CREATE Table Items (
  ItemID INT NOT NULL,
  ItemName VARCHAR(255),
  ItemDescription VARCHAR(255),
  UnitPrice INT,
  Discontinued VARCHAR(255),
  CategoryName VARCHAR(255),
  PRIMARY KEY (ItemID),
  FOREIGN KEY (CategoryName) REFERENCES Categories(CategoryName),
);
CREATE Table OrderDetails (
  OrderID INT NOT NULL,
  ItemID INT,
  Quantity INT,
  PRIMARY KEY (OrderID, ItemID),
  FOREIGN KEY (OrderID) REFERENCES Orders(OrderID),
  FOREIGN KEY (ItemID) REFERENCES Items(ItemID)

);

-- Populate tables with registers, 100 customers, 2 categorias, 300 ordenes/detalles, 50 items
INSERT INTO Customers (
    CustomerID,
    CustomerName,
    CustomerLastName,
    CustomerBirthdate
  )
VALUES (1, 'Tracy', 'Howard', '1988-10-26'),
  (2, 'Michael', 'Price', '1988-10-26'),
  (3, 'Zachary', 'Salas', '1988-10-26'),
  (4, 'Natalie', 'Mejia', '1988-10-26'),
  (5, 'Jason', 'Lewis', '1988-10-26'),
  (6, 'Leslie', 'Clark', '1988-10-26'),
  (7, 'Jeffrey', 'Bowman', '1988-10-26'),
  (8, 'Chase', 'Hill', '1988-10-26'),
  (9, 'Cassandra', 'Williams', '1988-10-26'),
  (10, 'Frank', 'Williams', '1988-10-26'),
  (11, 'Linda', 'Ford', '1988-10-26'),
  (12, 'Melissa', 'Johnson', '1988-10-26'),
  (13, 'Austin', 'Nelson', '1988-10-26'),
  (14, 'Gregory', 'Mosley', '1988-10-26'),
  (15, 'Brandy', 'Stewart', '1988-09-26'),
  (16, 'Sonya', 'Hess', '1988-09-26'),
  (17, 'Christina', 'Hardy', '1988-09-26'),
  (18, 'Patricia', 'Lowe', '1988-09-26'),
  (19, 'Leslie', 'Shaw', '1988-09-26'),
  (20, 'Duane', 'Young', '1988-09-26'),
  (21, 'Gabriel', 'Vaughn', '1988-10-26'),
  (22, 'Debra', 'Dillon', '1988-10-26'),
  (23, 'Joseph', 'Stone', '1988-10-26'),
  (24, 'Melissa', 'Smith', '1988-10-26'),
  (25, 'Brian', 'Conrad', '1988-10-26'),
  (26, 'Joann', 'Combs', '1988-10-26'),
  (27, 'Kimberly', 'Castillo', '1988-10-26'),
  (28, 'Tammy', 'Jensen', '1988-10-26'),
  (29, 'Paul', 'Elliott', '1988-10-26'),
  (30, 'James', 'Jones', '1988-10-26'),
  (31, 'Sandra', 'Cox', '1988-10-26'),
  (32, 'Jesse', 'Carter', '1988-10-26'),
  (33, 'Matthew', 'Padilla', '1988-10-26'),
  (34, 'Kathryn', 'Williams', '1988-10-26'),
  (35, 'Michael', 'Nixon', '1988-10-26'),
  (36, 'Eric', 'Grimes', '1988-10-26'),
  (37, 'Gina', 'Rojas', '1988-10-26'),
  (38, 'Tammy', 'Weber', '1988-10-26'),
  (39, 'Rodney', 'Brown', '1988-10-26'),
  (40, 'Carlos', 'Jordan', '1988-10-26'),
  (41, 'Jennifer', 'Collier', '1988-10-26'),
  (42, 'Jason', 'Freeman', '1988-10-26'),
  (43, 'Robert', 'Ferguson', '1988-10-26'),
  (44, 'Karen', 'Rivera', '1988-10-26'),
  (45, 'Shawn', 'Allen', '1988-10-26'),
  (46, 'Anthony', 'Kaiser', '1988-10-26'),
  (47, 'Pamela', 'Henderson', '1988-10-26'),
  (48, 'Christina', 'Chen', '1988-10-26'),
  (49, 'James', 'Wilson', '1996-01-25'),
  (50, 'Antonio', 'Craig', '2010-07-12'),
  (51, 'Debbie', 'Wagner', '1993-02-14'),
  (52, 'John', 'Campbell', '1999-10-23'),
  (53, 'Theresa', 'Baxter', '2012-05-03'),
  (54, 'Joseph', 'Curtis', '1981-09-28'),
  (55, 'Steven', 'Barajas', '1990-07-14'),
  (56, 'Jose', 'Sanchez', '1984-09-07'),
  (57, 'Gregory', 'Barker', '1983-08-17'),
  (58, 'Sean', 'Thornton', '2006-10-20'),
  (59, 'Raymond', 'Avila', '2002-09-13'),
  (60, 'Jennifer', 'George', '1995-05-07'),
  (61, 'Carol', 'Fox', '1998-06-10'),
  (62, 'Willie', 'Brock', '2012-06-17'),
  (63, 'Deborah', 'Quinn', '2002-05-05'),
  (64, 'Mark', 'Dennis', '2014-01-17'),
  (65, 'Katherine', 'Perez', '2004-08-16'),
  (66, 'Jeremy', 'Jones', '2011-08-05'),
  (67, 'Scott', 'Jones', '1985-09-06'),
  (68, 'Brian', 'Olson', '2000-09-06'),
  (69, 'Duane', 'Webb', '2021-12-19'),
  (70, 'Christopher', 'Hanna', '2020-07-21'),
  (71, 'Stephanie', 'Thompson', '1996-03-21'),
  (72, 'Jeffrey', 'Rodriguez', '2019-12-16'),
  (73, 'Joel', 'Smith', '1991-07-17'),
  (74, 'Bradley', 'Parker', '2017-12-28'),
  (75, 'William', 'Jones', '2001-08-18'),
  (76, 'Wanda', 'Calderon', '1997-08-21'),
  (77, 'Melissa', 'Francis', '2016-06-20'),
  (78, 'Rachel', 'Smith', '1999-11-19'),
  (79, 'Aaron', 'Becker', '2005-07-25'),
  (80, 'Jeremy', 'Parks', '1999-10-14'),
  (81, 'Morgan', 'Wells', '2006-09-05'),
  (82, 'Chloe', 'Howe', '2022-01-20'),
  (83, 'Christina', 'Allen', '1990-07-24'),
  (84, 'Leslie', 'Baker', '2005-02-23'),
  (85, 'Melissa', 'Pope', '2007-08-22'),
  (86, 'James', 'Bush', '1998-06-26'),
  (87, 'Ricky', 'Lloyd', '2012-05-07'),
  (88, 'Eric', 'Oneill', '1994-01-21'),
  (89, 'Amy', 'Fuller', '2010-06-17'),
  (90, 'Michael', 'Shaffer', '2006-06-02'),
  (91, 'Mckenzie', 'Alvarez', '1995-10-20'),
  (92, 'Henry', 'Bates', '2020-09-15'),
  (93, 'Christina', 'Walker', '2006-07-15'),
  (94, 'Juan', 'Harmon', '1991-05-17'),
  (95, 'Stacie', 'Robinson', '2012-08-08'),
  (96, 'Barbara', 'Chambers', '2008-01-15'),
  (97, 'Jack', 'Allen', '2010-01-20'),
  (98, 'Charles', 'Vasquez', '1985-05-09'),
  (99, 'Alexander', 'Perez', '2009-03-07'),
  (100, 'Brandi', 'Hill', '1982-06-08');
INSERT INTO Categories (CategoryID, CategoryName)
VALUES (1, 'Celulares'),
  (2, 'Notebooks');
INSERT INTO Orders (
    OrderID,
    CustomerID,
    OrderDate
  )
VALUES (1, 33, '2021-11-12'),
  (2, 31, '2021-08-18'),
  (3, 40, '2021-03-02'),
  (4, 35, '2020-05-06'),
  (5, 14, '2021-01-28'),
  (6, 2, '2021-08-18'),
  (7, 17, '2020-09-12'),
  (8, 8, '2021-10-30'),
  (9, 15, '2021-12-14'),
  (10, 34, '2021-05-24'),
  (11, 4, '2022-05-31'),
  (12, 36, '2020-10-06'),
  (13, 37, '2021-08-15'),
  (14, 12, '2021-08-09'),
  (15, 13, '2022-04-01'),
  (16, 10, '2020-03-12'),
  (17, 28, '2020-10-18'),
  (18, 31, '2020-02-12'),
  (19, 40, '2022-08-31'),
  (20, 29, '2021-08-20'),
  (21, 17, '2022-06-21'),
  (22, 10, '2021-02-28'),
  (23, 37, '2020-03-05'),
  (24, 8, '2021-10-14'),
  (25, 11, '2020-04-22'),
  (26, 15, '2021-07-12'),
  (27, 5, '2020-04-10'),
  (28, 3, '2021-07-21'),
  (29, 14, '2022-07-04'),
  (30, 12, '2022-03-26'),
  (31, 31, '2021-03-23'),
  (32, 31, '2020-01-07'),
  (33, 31, '2022-02-07'),
  (34, 1, '2022-08-12'),
  (35, 9, '2020-11-20'),
  (36, 1, '2021-12-04'),
  (37, 14, '2022-03-21'),
  (38, 30, '2021-07-23'),
  (39, 18, '2020-07-05'),
  (40, 27, '2021-03-11'),
  (41, 19, '2020-06-05'),
  (42, 28, '2022-03-15'),
  (43, 36, '2020-08-26'),
  (44, 7, '2021-07-21'),
  (45, 10, '2022-03-25'),
  (46, 2, '2020-07-21'),
  (47, 7, '2021-01-14'),
  (48, 5, '2021-07-24'),
  (49, 11, '2022-06-10'),
  (50, 23, '2021-04-09'),
  (51, 2, '2020-05-31'),
  (52, 6, '2020-12-27'),
  (53, 24, '2022-03-16'),
  (54, 9, '2022-02-07'),
  (55, 17, '2022-08-25'),
  (56, 26, '2020-03-07'),
  (57, 27, '2022-10-04'),
  (58, 6, '2021-07-01'),
  (59, 27, '2022-03-09'),
  (60, 13, '2022-03-02'),
  (61, 35, '2020-05-27'),
  (62, 26, '2022-03-27'),
  (63, 9, '2022-08-11'),
  (64, 17, '2020-12-25'),
  (65, 13, '2022-09-23'),
  (66, 8, '2022-04-29'),
  (67, 37, '2021-10-01'),
  (68, 12, '2021-09-17'),
  (69, 3, '2022-04-28'),
  (70, 22, '2021-01-19'),
  (71, 17, '2022-04-16'),
  (72, 34, '2021-11-22'),
  (73, 30, '2020-04-06'),
  (74, 38, '2022-07-13'),
  (75, 33, '2020-05-14'),
  (76, 30, '2022-08-01'),
  (77, 36, '2020-12-27'),
  (78, 7, '2022-08-10'),
  (79, 34, '2021-08-14'),
  (80, 21, '2021-03-01'),
  (81, 40, '2022-05-14'),
  (82, 28, '2021-02-10'),
  (83, 29, '2020-04-30'),
  (84, 7, '2022-07-30'),
  (85, 14, '2020-03-20'),
  (86, 37, '2021-07-31'),
  (87, 10, '2021-11-18'),
  (88, 17, '2021-11-11'),
  (89, 24, '2021-06-10'),
  (90, 21, '2020-11-27'),
  (91, 13, '2021-03-25'),
  (92, 32, '2021-10-23'),
  (93, 28, '2020-09-12'),
  (94, 39, '2020-10-29'),
  (95, 27, '2020-03-04'),
  (96, 27, '2021-02-13'),
  (97, 26, '2022-08-23'),
  (98, 22, '2022-06-06'),
  (99, 7, '2022-05-05'),
  (100, 14, '2021-10-05'),
  (101, 39, '2022-06-07'),
  (102, 13, '2021-04-11'),
  (103, 31, '2021-04-26'),
  (104, 6, '2022-09-05'),
  (105, 2, '2020-07-04'),
  (106, 5, '2020-07-10'),
  (107, 5, '2022-05-22'),
  (108, 2, '2021-05-05'),
  (109, 21, '2022-10-15'),
  (110, 16, '2020-12-07'),
  (111, 1, '2021-04-24'),
  (112, 15, '2021-06-02'),
  (113, 3, '2022-02-05'),
  (114, 19, '2020-07-06'),
  (115, 23, '2021-10-15'),
  (116, 21, '2021-02-18'),
  (117, 22, '2022-03-07'),
  (118, 20, '2020-05-06'),
  (119, 1, '2021-10-28'),
  (120, 14, '2020-11-29'),
  (121, 35, '2020-10-17'),
  (122, 2, '2021-12-19'),
  (123, 39, '2021-05-15'),
  (124, 4, '2020-03-25'),
  (125, 1, '2020-02-10'),
  (126, 17, '2021-06-18'),
  (127, 4, '2022-05-18'),
  (128, 38, '2020-09-02'),
  (129, 36, '2020-11-18'),
  (130, 21, '2022-02-23'),
  (131, 1, '2021-01-27'),
  (132, 34, '2021-09-11'),
  (133, 11, '2020-06-30'),
  (134, 31, '2021-12-12'),
  (135, 27, '2021-07-04'),
  (136, 21, '2020-02-08'),
  (137, 33, '2022-07-25'),
  (138, 24, '2020-04-30'),
  (139, 23, '2020-03-04'),
  (140, 7, '2021-02-26'),
  (141, 28, '2022-06-09'),
  (142, 22, '2021-01-13'),
  (143, 11, '2022-02-20'),
  (144, 27, '2021-01-12'),
  (145, 11, '2021-08-03'),
  (146, 35, '2020-01-18'),
  (147, 37, '2022-09-01'),
  (148, 25, '2020-02-13'),
  (149, 8, '2021-11-07'),
  (150, 39, '2021-03-25'),
  (151, 34, '2020-02-15'),
  (152, 13, '2020-02-16'),
  (153, 23, '2020-05-30'),
  (154, 35, '2022-07-20'),
  (155, 34, '2020-04-16'),
  (156, 10, '2020-04-15'),
  (157, 30, '2021-07-01'),
  (158, 26, '2022-08-27'),
  (159, 1, '2020-09-27'),
  (160, 19, '2022-08-10'),
  (161, 40, '2021-04-29'),
  (162, 39, '2021-08-08'),
  (163, 39, '2020-07-14'),
  (164, 28, '2020-04-06'),
  (165, 35, '2020-11-20'),
  (166, 36, '2021-08-13'),
  (167, 18, '2021-02-10'),
  (168, 28, '2022-05-20'),
  (169, 27, '2020-03-20'),
  (170, 11, '2020-07-30'),
  (171, 13, '2020-01-21'),
  (172, 29, '2021-09-02'),
  (173, 24, '2021-11-05'),
  (174, 33, '2021-05-27'),
  (175, 9, '2020-02-20'),
  (176, 23, '2022-04-20'),
  (177, 25, '2022-07-03'),
  (178, 32, '2022-04-12'),
  (179, 4, '2021-04-27'),
  (180, 27, '2020-01-29'),
  (181, 32, '2021-11-15'),
  (182, 33, '2022-07-20'),
  (183, 4, '2022-08-15'),
  (184, 29, '2020-08-11'),
  (185, 30, '2022-01-21'),
  (186, 32, '2022-06-24'),
  (187, 34, '2021-10-24'),
  (188, 19, '2020-11-12'),
  (189, 36, '2021-04-18'),
  (190, 13, '2022-02-03'),
  (191, 12, '2020-03-28'),
  (192, 14, '2021-09-12'),
  (193, 40, '2022-02-27'),
  (194, 29, '2020-11-30'),
  (195, 32, '2021-02-17'),
  (196, 1, '2021-05-08'),
  (197, 21, '2020-04-21'),
  (198, 16, '2022-03-02'),
  (199, 35, '2022-08-15'),
  (200, 34, '2020-03-24'),
  (201, 16, '2021-12-07'),
  (202, 26, '2020-01-09'),
  (203, 28, '2020-09-21'),
  (204, 4, '2021-01-21'),
  (205, 33, '2022-02-25'),
  (206, 28, '2022-04-03'),
  (207, 33, '2020-01-12'),
  (208, 25, '2020-12-26'),
  (209, 15, '2022-01-18'),
  (210, 7, '2020-08-07'),
  (211, 38, '2022-01-20'),
  (212, 17, '2021-12-03'),
  (213, 18, '2020-03-09'),
  (214, 25, '2020-11-30'),
  (215, 39, '2021-12-25'),
  (216, 18, '2022-03-29'),
  (217, 32, '2020-03-08'),
  (218, 37, '2020-04-22'),
  (219, 6, '2020-05-17'),
  (220, 30, '2020-11-23'),
  (221, 20, '2021-02-28'),
  (222, 18, '2022-03-16'),
  (223, 21, '2021-01-05'),
  (224, 29, '2022-03-13'),
  (225, 26, '2020-03-19'),
  (226, 28, '2022-09-22'),
  (227, 13, '2021-04-10'),
  (228, 19, '2022-06-12'),
  (229, 37, '2021-08-01'),
  (230, 38, '2021-09-11'),
  (231, 31, '2021-09-13'),
  (232, 24, '2022-05-05'),
  (233, 1, '2021-07-29'),
  (234, 5, '2020-07-12'),
  (235, 16, '2020-08-10'),
  (236, 1, '2020-07-29'),
  (237, 9, '2020-08-16'),
  (238, 5, '2020-10-13'),
  (239, 10, '2021-11-15'),
  (240, 33, '2020-05-10'),
  (241, 22, '2022-07-04'),
  (242, 25, '2021-06-18'),
  (243, 21, '2020-07-05'),
  (244, 39, '2020-08-23'),
  (245, 32, '2021-08-16'),
  (246, 29, '2021-03-28'),
  (247, 3, '2020-12-05'),
  (248, 27, '2021-12-14'),
  (249, 18, '2021-06-16'),
  (250, 28, '2020-11-28'),
  (251, 25, '2022-04-06'),
  (252, 11, '2022-04-03'),
  (253, 16, '2020-09-15'),
  (254, 14, '2022-05-30'),
  (255, 22, '2021-08-29'),
  (256, 27, '2021-06-26'),
  (257, 23, '2022-09-03'),
  (258, 36, '2020-07-22'),
  (259, 14, '2020-04-19'),
  (260, 23, '2021-05-25'),
  (261, 29, '2021-04-27'),
  (262, 2, '2020-04-09'),
  (263, 4, '2022-10-01'),
  (264, 32, '2020-08-04'),
  (265, 9, '2022-04-26'),
  (266, 1, '2022-10-06'),
  (267, 10, '2020-12-27'),
  (268, 23, '2021-02-03'),
  (269, 36, '2020-09-11'),
  (270, 19, '2020-10-03'),
  (271, 33, '2021-07-30'),
  (272, 7, '2021-11-09'),
  (273, 24, '2021-07-01'),
  (274, 6, '2020-12-30'),
  (275, 7, '2021-02-10'),
  (276, 8, '2021-08-14'),
  (277, 21, '2022-05-21'),
  (278, 35, '2020-02-29'),
  (279, 23, '2022-10-19'),
  (280, 18, '2021-08-27'),
  (281, 13, '2022-10-03'),
  (282, 31, '2020-07-06'),
  (283, 28, '2021-07-26'),
  (284, 1, '2022-05-10'),
  (285, 3, '2021-07-14'),
  (286, 34, '2020-04-01'),
  (287, 4, '2022-03-19'),
  (288, 33, '2020-01-18'),
  (289, 38, '2022-07-26'),
  (290, 13, '2021-06-13'),
  (291, 9, '2020-06-30'),
  (292, 14, '2021-04-12'),
  (293, 10, '2021-04-11'),
  (294, 2, '2020-01-06'),
  (295, 34, '2020-01-16'),
  (296, 19, '2021-07-20'),
  (297, 6, '2020-06-01'),
  (298, 22, '2020-11-07'),
  (299, 6, '2021-06-21'),
  (300, 14, '2022-09-03');
INSERT INTO Items (
    ItemID,
    ItemName,
    ItemDescription,
    UnitPrice,
    Discontinued,
    CategoryName
  )
VALUES (
    1,
    'Asus i3',
    'Notebook usada',
    100000,
    '2021-12-31',
    'Notebooks'
  ),
  (
    2,
    'Asus i5',
    'Notebook nueva',
    120000,
    '2021-12-31',
    'Notebooks'
  ),
  (
    3,
    'Asus i7',
    'Notebook nueva',
    140000,
    '2021-12-31',
    'Notebooks'
  ),
  (
    4,
    'Asus i9',
    'Notebook nueva',
    160000,
    '2021-12-31',
    'Notebooks'
  ),
  (
    5,
    'Asus AMD',
    'Notebook nueva',
    180000,
    '2021-12-31',
    'Notebooks'
  ),
  (
    6,
    'Bangho i3',
    'Notebook usada',
    100000,
    '2021-12-31',
    'Notebooks'
  ),
  (
    7,
    'Bangho i5',
    'Notebook nueva',
    120000,
    '2021-12-31',
    'Notebooks'
  ),
  (
    8,
    'Bangho i7',
    'Notebook nueva',
    130000,
    '2021-12-31',
    'Notebooks'
  ),
  (
    9,
    'Bangho i9',
    'Notebook nueva',
    160000,
    '2021-12-31',
    'Notebooks'
  ),
  (
    10,
    'Bangho AMD',
    'Notebook nueva',
    180000,
    '2021-12-31',
    'Notebooks'
  ),
  (
    11,
    'Lenovo i3',
    'Notebook usada',
    100000,
    '2021-12-31',
    'Notebooks'
  ),
  (
    12,
    'Lenovo i5',
    'Notebook nueva',
    120000,
    '2021-12-31',
    'Notebooks'
  ),
  (
    13,
    'Lenovo i7',
    'Notebook nueva',
    140000,
    '2021-12-31',
    'Notebooks'
  ),
  (
    14,
    'Lenovo i9',
    'Notebook nueva',
    160000,
    '2021-12-31',
    'Notebooks'
  ),
  (
    15,
    'Lenovo AMD',
    'Notebook nueva',
    180000,
    '2021-12-31',
    'Notebooks'
  ),
  (
    16,
    'Apple i3',
    'Notebook usada',
    100000,
    '2021-12-31',
    'Notebooks'
  ),
  (
    17,
    'Apple i5',
    'Notebook nueva',
    120000,
    '2021-12-31',
    'Notebooks'
  ),
  (
    18,
    'Apple i7',
    'Notebook nueva',
    140000,
    '2021-12-31',
    'Notebooks'
  ),
  (
    19,
    'Apple i9',
    'Notebook nueva',
    160000,
    '2021-12-31',
    'Notebooks'
  ),
  (
    20,
    'Apple AMD',
    'Notebook nueva',
    180000,
    '2021-12-31',
    'Notebooks'
  ),
  (
    21,
    'Dell i3',
    'Notebook usada',
    100000,
    '2021-12-31',
    'Notebooks'
  ),
  (
    22,
    'Dell i5',
    'Notebook nueva',
    120000,
    '2021-12-31',
    'Notebooks'
  ),
  (
    23,
    'Dell i7',
    'Notebook nueva',
    140000,
    '2021-12-31',
    'Notebooks'
  ),
  (
    24,
    'Dell i9',
    'Notebook nueva',
    160000,
    '2021-12-31',
    'Notebooks'
  ),
  (
    25,
    'Dell AMD',
    'Notebook nueva',
    180000,
    '2021-12-31',
    'Notebooks'
  ),
  (
    26,
    'Samsung j2',
    'Celular usado',
    100000,
    '2021-12-31',
    'Celulares'
  ),
  (
    27,
    'Samsung j7',
    'Celular nuevo',
    120000,
    '2021-12-31',
    'Celulares'
  ),
  (
    28,
    'Samsung A1',
    'Celular nuevo',
    140000,
    '2021-12-31',
    'Celulares'
  ),
  (
    29,
    'Samsung A2',
    'Celular nuevo',
    160000,
    '2021-12-31',
    'Celulares'
  ),
  (
    30,
    'Samsung A4',
    'Celular nuevo',
    180000,
    '2021-12-31',
    'Celulares'
  ),
  (
    31,
    'Motorola E7',
    'Celular usado',
    100000,
    '2021-12-31',
    'Celulares'
  ),
  (
    32,
    'Motorola E9',
    'Celular nuevo',
    120000,
    '2021-12-31',
    'Celulares'
  ),
  (
    33,
    'Motorola G7',
    'Celular nuevo',
    130000,
    '2021-12-31',
    'Celulares'
  ),
  (
    34,
    'Motorola G9',
    'Celular nuevo',
    160000,
    '2021-12-31',
    'Celulares'
  ),
  (
    35,
    'Motorola G10',
    'Celular nuevo',
    180000,
    '2021-12-31',
    'Celulares'
  ),
  (
    36,
    'LG K12',
    'Celular usado',
    100000,
    '2021-12-31',
    'Celulares'
  ),
  (
    37,
    'LG K22',
    'Celular nuevo',
    120000,
    '2021-12-31',
    'Celulares'
  ),
  (
    38,
    'LG K32',
    'Celular nuevo',
    140000,
    '2021-12-31',
    'Celulares'
  ),
  (
    39,
    'LG K42',
    'Celular nuevo',
    160000,
    '2021-12-31',
    'Celulares'
  ),
  (
    40,
    'LG K52',
    'Celular nuevo',
    180000,
    '2021-12-31',
    'Celulares'
  ),
  (
    41,
    'iPhone 7',
    'Celular usado',
    100000,
    '2021-12-31',
    'Celulares'
  ),
  (
    42,
    'iPhone 8',
    'Celular nuevo',
    120000,
    '2021-12-31',
    'Celulares'
  ),
  (
    43,
    'iPhone 9',
    'Celular nuevo',
    140000,
    '2021-12-31',
    'Celulares'
  ),
  (
    44,
    'iPhone 10',
    'Celular nuevo',
    160000,
    '2021-12-31',
    'Celulares'
  ),
  (
    45,
    'iPhone 11',
    'Celular nuevo',
    180000,
    '2021-12-31',
    'Celulares'
  ),
  (
    46,
    'Xiaomi 7S',
    'Celular usado',
    100000,
    '2021-12-31',
    'Celulares'
  ),
  (
    47,
    'Xiaomi 8S',
    'Celular nuevo',
    120000,
    '2021-12-31',
    'Celulares'
  ),
  (
    48,
    'Xiaomi 9S',
    'Celular nuevo',
    140000,
    '2021-12-31',
    'Celulares'
  ),
  (
    49,
    'Xiaomi 10S',
    'Celular nuevo',
    160000,
    '2021-12-31',
    'Celulares'
  ),
  (
    50,
    'Xiaomi 11S',
    'Celular nuevo',
    180000,
    '2021-12-31',
    'Celulares'
  );
INSERT INTO OrderDetails (OrderID, ItemID, Quantity)
VALUES (1,42,539),
(2,13,689),
(3,20,621),
(4,30,518),
(5,13,332),
(6,32,341),
(7,4,325),
(8,37,545),
(9,19,364),
(10,47,432),
(11,19,620),
(12,10,423),
(13,15,454),
(14,35,505),
(15,28,613),
(16,32,537),
(17,6,644),
(18,29,513),
(19,25,644),
(20,41,410),
(21,42,409),
(22,14,373),
(23,35,638),
(24,3,607),
(25,34,486),
(26,25,595),
(27,15,383),
(28,4,313),
(29,4,496),
(30,33,617),
(31,36,368),
(32,36,553),
(33,8,626),
(34,38,483),
(35,3,476),
(36,26,405),
(37,10,328),
(38,29,357),
(39,32,645),
(40,33,587),
(41,3,524),
(42,25,460),
(43,16,664),
(44,44,700),
(45,49,576),
(46,35,554),
(47,12,481),
(48,44,545),
(49,19,564),
(50,37,686),
(51,47,568),
(52,29,336),
(53,3,652),
(54,15,301),
(55,50,483),
(56,25,663),
(57,18,562),
(58,38,330),
(59,26,677),
(60,42,575),
(61,48,657),
(62,10,417),
(63,39,613),
(64,14,676),
(65,12,566),
(66,21,526),
(67,42,396),
(68,23,515),
(69,27,555),
(70,26,426),
(71,15,521),
(72,29,640),
(73,5,570),
(74,50,533),
(75,50,330),
(76,17,463),
(77,42,394),
(78,35,682),
(79,35,607),
(80,13,439),
(81,17,309),
(82,43,334),
(83,15,581),
(84,9,503),
(85,24,540),
(86,9,595),
(87,35,662),
(88,24,377),
(89,41,356),
(90,21,530),
(91,23,622),
(92,47,587),
(93,29,631),
(94,9,660),
(95,19,550),
(96,37,571),
(97,24,322),
(98,49,571),
(99,31,515),
(100,47,305),
(101,45,341),
(102,48,501),
(103,26,560),
(104,27,545),
(105,37,471),
(106,27,589),
(107,40,479),
(108,5,315),
(109,44,411),
(110,49,477),
(111,37,624),
(112,49,587),
(113,30,628),
(114,6,374),
(115,12,340),
(116,9,558),
(117,30,604),
(118,50,436),
(119,18,532),
(120,22,391),
(121,8,533),
(122,48,409),
(123,6,427),
(124,15,484),
(125,5,343),
(126,26,393),
(127,17,626),
(128,41,662),
(129,42,322),
(130,15,512),
(131,10,402),
(132,18,336),
(133,31,353),
(134,17,335),
(135,35,532),
(136,37,562),
(137,25,536),
(138,10,538),
(139,49,682),
(140,1,356),
(141,44,380),
(142,25,439),
(143,47,480),
(144,24,373),
(145,7,661),
(146,24,668),
(147,43,537),
(148,24,620),
(149,35,562),
(150,3,630),
(151,22,436),
(152,5,549),
(153,9,353),
(154,16,622),
(155,18,571),
(156,33,476),
(157,15,490),
(158,34,418),
(159,36,590),
(160,35,689),
(161,6,491),
(162,8,430),
(163,44,360),
(164,47,324),
(165,11,587),
(166,38,599),
(167,17,333),
(168,21,587),
(169,12,375),
(170,21,682),
(171,13,482),
(172,46,342),
(173,15,576),
(174,33,526),
(175,28,460),
(176,6,371),
(177,47,386),
(178,32,479),
(179,44,680),
(180,18,325),
(181,37,462),
(182,2,694),
(183,17,598),
(184,39,689),
(185,42,304),
(186,42,667),
(187,12,670),
(188,1,565),
(189,21,399),
(190,16,529),
(191,44,506),
(192,26,663),
(193,46,552),
(194,45,553),
(195,44,304),
(196,36,557),
(197,40,439),
(198,9,452),
(199,25,577),
(200,38,412),
(201,27,459),
(202,23,664),
(203,41,626),
(204,15,504),
(205,20,476),
(206,39,359),
(207,23,494),
(208,2,546),
(209,36,637),
(210,15,349),
(211,31,636),
(212,43,405),
(213,20,396),
(214,24,423),
(215,10,495),
(216,2,637),
(217,28,582),
(218,42,450),
(219,24,612),
(220,15,338),
(221,37,387),
(222,14,663),
(223,5,418),
(224,49,419),
(225,9,413),
(226,5,484),
(227,40,489),
(228,12,377),
(229,48,342),
(230,24,595),
(231,25,576),
(232,3,648),
(233,19,424),
(234,22,632),
(235,38,637),
(236,16,348),
(237,36,627),
(238,47,660),
(239,47,578),
(240,32,397),
(241,20,479),
(242,19,310),
(243,42,610),
(244,39,331),
(245,49,520),
(246,38,509),
(247,32,376),
(248,42,612),
(249,27,664),
(250,2,436),
(251,17,519),
(252,10,389),
(253,22,420),
(254,2,342),
(255,27,522),
(256,44,405),
(257,33,694),
(258,30,426),
(259,21,543),
(260,16,493),
(261,46,490),
(262,29,327),
(263,19,323),
(264,34,412),
(265,2,403),
(266,10,655),
(267,44,648),
(268,21,362),
(269,23,457),
(270,6,454),
(271,26,584),
(272,17,385),
(273,4,481),
(274,4,605),
(275,44,476),
(276,3,564),
(277,20,609),
(278,13,425),
(279,44,368),
(280,1,635),
(281,13,385),
(282,47,644),
(283,18,434),
(284,26,504),
(285,13,592),
(286,8,454),
(287,5,519),
(288,11,1341),
(289,11,414),
(290,29,411),
(291,14,599),
(292,41,598),
(293,23,456),
(294,43,347),
(295,9,336),
(296,47,352),
(297,30,540),
(298,38,621),
(299,37,398),
(300,11,666);